<?xml version="1.0" encoding="UTF-8"?>
    <clients>
        <client username="user">
			<password>password</password>
			<numberOfUniqueRequests></numberOfUniqueRequests>
			<numberOfRequests>0</numberOfRequests>
			<lastRequest></lastRequest>
			<dateOflastRequest></dateOflastRequest>
		</client>
		<client username="user2">
			<password>password2</password>
			<numberOfUniqueRequests>9</numberOfUniqueRequests>
			<numberOfRequests>10</numberOfRequests>
			<lastRequest>00996821171</lastRequest>
			<dateOflastRequest>2020-03-10T02:19:06.103Z[UTC]</dateOflastRequest>
		</client>
		<client username="user3">
			<password>password3</password>
			<numberOfUniqueRequests>10</numberOfUniqueRequests>
			<numberOfRequests>10</numberOfRequests>
			<lastRequest>00996821171</lastRequest>
			<dateOflastRequest>2020-03-10T02:20:06.103Z[UTC]</dateOflastRequest>
		</client>
    </clients>